streamer_id,channel_name,language
92038375,Caedrel,en
1017626993,wendolynortizz,en
472066926,TheBurntPeanut,en
26490481,summit1g,en
67519684,sasatikk,ja
175831187,ironmouse,en
100869214,Arky,en
851694336,SanteaTv,en
45302947,iiTzTimmy,en
143179777,AgustinUnaplay8,es
473688875,Meiy_vl,ja
89969094,Zerost_s,ja
59635827,supertf,en
49207184,fps_shaka,ja
47733806,chopperinho,ru
936171791,Yugi2x,en
202987684,Muriloso,pt
169185650,robcdee,en
48893421,すももですよ,ja
78874179,krokoboss,de
172376071,maxim,de
93305727,たかやスペシャル,ja
27101452,MPKBK,ru
113028874,けんき,ja
48962167,ボドカさん,ja
834113869,judah_xx,ru
703613222,Grimmi,en
622498423,otplol_,fr
100369229,DesmondPilak,en
43223443,Hunterowner,en
555397037,JonLiMusic,en
501133928,rubenmartinweb,es
106013742,Pestily,en
1312862940,Asmongold247,en
262832931,absolut3,ru
15027034,嬌兔,zh
806179236,メルトンめるとん,ja
77415295,Jasper7se,ja
865320951,sadgirl,en
29528480,綠茶,zh
446246227,evelynomadera,en
1171769612,247Jynxzi,en
636587384,AlveusSanctuary,en
24124090,DatModz,en
45839490,らいじん,ja
20795350,Kurumx,en
531019578,ronnyberger,de
135056709,dokibird,en
725072884,yurnboi,en
438944099,hello_kiko,en
169491306,Liam,en
189850266,BIGRUSSIANMUM,ru
125709967,slimeIRL,en
204659019,LockInTJ,en
52891155,LowTierGod,en
65737149,yutapongo,ja
38770961,Dracon,de
805456112,なるお_,ja
119497908,kyo1984123,zh
48245475,AresLPs,de
1054551170,Ricci,en
1017225456,SamoAgo,zh
184634287,Terablade,ru
104435562,QRUSHcsgo,ru
2982838,Surefour,en
205218019,el_yuste,es
128222917,世誠,zh
43539324,Broxah,en
655333260,ReneKreher,de
7154733,TypicalGamer,en
107536229,Aurateur,en
40760591,GoBGG,fr
31478096,ALKAPONE,es
582765062,Peter,en
40017619,Doublelift,en
624501601,HisokaT42,en
504843877,KEEMSAMA_,en
23852822,懶貓,zh
25202416,蝦愛橘子,zh
119611214,sheviii2k,pt
718820856,Ev913,zh
31645736,goodoq,ru
1347579851,musim_official,en
25743612,Graycen,en
24538518,sneakylol,en
41314239,dafran,en
116673961,LFToxy_val,en
24411833,Gigguk,en
7010591,UHN,en
42304622,鈴木ノリアキ,ja
89041633,Maxylobes,en
24198048,Matimi0,en
970936597,つるつるたすかる,ja
200080536,RaiderGO,en
69012069,m0xyy,en
26640321,Leaflit,en
29156271,Goratha,en
102192603,獅子丸,zh
592934481,marimari_en,en
919352997,firiondhistory,ru
76020989,JOEYKAOTYK,en
59829074,DeeRKUFA,ru
184578486,mfreak00,es
117348035,依渟,zh
56399221,Viper,en
125142625,Luckyzeal,en
131439149,supcaitlin,en
442709328,문뚜야,en
31819679,BirdieBoba,en
42297683,AceOFSpades,en
272168411,RenRize,es
1349515600,aimkey,en
25236843,狂暴小建,zh
921167449,afrchess,en
625931244,Mawkzy_,fr
54989347,Fairlight_Excalibur,en
133118594,Mingo,en
493844061,DI_RUBENS,ru
63054799,Trickywi,en
58352686,SuperJJ,en
401670504,Oatley,en
508990092,AiCandii,en
519084584,santipulgaz,en
45184940,yvonnie,en
813676925,Alina_Kapuchino,ru
975207893,JardiStream,fr
9679595,Grimmmz,en
18731326,Celerity,en
106159308,GronkhTV,de
25458544,Sequisha,en
59685493,Cohh,en
107514872,Rush,en
555601967,elcamacho24,es
36829241,DaddyDimmuTV,en
203300412,Nemurf,es
38466285,Onutrem,fr
11897156,roflgator,en
121079066,わしだい,ja
524953193,d1pro4,ru
478357617,Diddly,en
157313528,Zumi,en
41908566,PeeguuTV,en
170424398,Muxa___,ru
1076022569,Ventress,en
29151663,RockAlone,pl
453880006,eggsterr,en
702432427,twaimzzz,en
40733337,MARIACHI,ru
193032346,Ache,es
29826549,逼比,zh
57962435,yamatonjp,ja
197406569,TheNicoleT,en
105458682,BobRoss,en
413752272,chromuchromu,en
32497633,Angormus,en
59016177,CookSux,en
21418793,Shadybunny,en
852883323,PrimatePaige,en
175637409,Miffoo,en
41952329,Bijusan,ja
441850396,hydrasung,en
1291086815,波風水雞,zh
491802186,inseq,ru
412979136,YoThatsEJ,en
25766032,Wintergaming,en
196162637,krysttl,en
231079149,jacarepereira,pt
591385433,MRSXXOT,ru
115467657,Gale,en
115659124,Sanchovies,en
36998510,Rob2628,en
45912780,MistaFaker,ru
83435622,Arex,en
127691856,ゆーじお,ja
39643904,nogpyra,ru
23480748,GURU,en
563445803,MomoSeventh,en
442652832,sbolttt,ru
264909001,神楽めあ,ja
44741426,StreamerHouse,en
89311693,Bren_TM2,en
61438909,wudijo,en
157825412,matsuri_hs,ja
40673154,Parzelion,en
52968416,AsmodaiTV,en
577392142,むらまこ,ja
1492361713,ewc2026forlck,zh
90229091,Extesyy ,en
529112648,knirpz,de
654791928,OverEzEggs,en
822807591,nyxie,en
47250099,殺梗,zh
451955490,vincennt,en
147299717,Blue_Squadron,en
74505272,keanelol,en
10217631,Patty,en
38009333,SixenTv,fr
68465758,snessh,ru
167124768,T10Nat,en
30080751,Dyrus,en
414111810,yanagranl,ru
44536868,Orzanel,en
41931263,itzCBD,en
186783860,sincerelyjuju,en
132214615,whithblade,es
30258310,Mitchriz,en
154242990,Exigent_wires,ru
81672274,Fleshy,en
50815257,Endra,en
36858184,m0E_tv,en
90286722,GDszn,en
1209433248,KULAICH,ru
1301355746,KEPA_MITA,ru
174984146,TeaWithMandy,en
43564820,Krabick,ru
579023039,りんごもちぃ,ja
745703774,diemondzx,en
112614670,TheCoffeeElf,en
976310259,IntoxGamerInc,en
78115558,AUTdany,de
77669901,DanielaAzuaje_,es
712125671,blackrabbit342,ru
21681549,PGL,en
409319563,Giwi,en
416031592,SolaryHS,fr
807325521,peach,en
17367235,aegis_and_pred,en
1500980725,LoLEsportsHub,en
591133033,Bonustrio,de
107551531,Kamikatze,de
111589942,RedBeard,en
165165027,vixi,en
992507352,mitsukiyoake,ja
208808396,durpee82,en
1326384213,茶帽瑪緹,zh
20567961,Ziqoftw,en
1110808352,CineIlloJuan,es
644963197,ajak0n,ja
64577558,aliciaxlife,en
475043525,Epidemy,en
24534372,JimRsng,es
1470000683,blvcamap77,vi
29249710,SkyshockTV,es
72414688,Eduardo_Hook ,en
45188531,Welderb,ru
21838653,綠寶,zh
262236323,Duncstar,en
245910945,Sinuuki,en
12902657,Outconsumer,es
170760368,6Cyx,en
