streamer_id,game_id,stream_title,viewer_count,snapshot_time
92038375,21779,🔴HLE VS DK BO5 - EWC QUALIFIER 🔴 !discord !operagx,30869,2026-05-26 07:18:10
1017626993,509672,BRAZIL DAY 2 🇧🇷,16044,2026-05-26 07:18:10
472066926,32399,CS2 | PRACTICING FOR AT&T ANNIHILATOR CUP FINALE | CASE OPENINGS | DoubleLift x HutchMF x Yvonne | #BUNGULATE,15465,2026-05-26 07:18:10
26490481,1991115310,forza chillin @summit1g,10487,2026-05-26 07:18:10
67519684,528672376,俺のチームでL〇L世界大会優勝するぞ Teamfight Manager2 ネタバレ禁,9084,2026-05-26 07:18:10
175831187,509658,WHAT IF I JUST TURNED MY CAMERA ON WHILE IM STREAMING | !worst | !concert | !senpai | !cheeky | !ht | !starforge | !tts | !merch | !razer,7985,2026-05-26 07:18:10
100869214,509658,🔶 ZION DAY 2 OUTDOORS🔶 !oscs !comm !socials,6621,2026-05-26 07:18:10
851694336,509658,BRAZIL DAY TWO!!! Lets explore the city🇧🇷,6108,2026-05-26 07:18:10
45302947,32399,LOWEST TO HIGHEST RANK IN CS2! | FPS GAME !MARATHON !TIMER | 1/7 COMPLETED! | Socials @iiTzTimmy,5538,2026-05-26 07:18:10
143179777,491487,!PTB 🍟 SOLO UN CHICO RANDOM JUGANDO HASTA QUE LE DE HAMBRE 🍟,4831,2026-05-26 07:18:10
473688875,516575,俺のVALOを観てくれ！ KD 1.4 トラッカースコア940 RANK,4789,2026-05-26 07:18:10
89969094,21779,#LTK CCMasters 16:00~ Scrim,4477,2026-05-26 07:18:10
59635827,1435206302,The Architect and The Builder. They arrive calmly from their escalator with a sense of purpose.,4340,2026-05-26 07:18:10
49207184,21779,マスターズ応援するぞch,3985,2026-05-26 07:18:10
47733806,32399,faceit prem w/ @airscape | !tg !yt !bb !розыгрыш,3651,2026-05-26 07:18:10
936171791,509658,🌟ZION DAY 2🌟OUTDOORS🌟!socials !comm !oscs,3371,2026-05-26 07:18:10
202987684,29452,IRL COM A TROPA DO GOTI !PIX,3139,2026-05-26 07:18:10
169185650,509658,Tokyo | It's the SUBURBS | !esim !vpn !yt,3123,2026-05-26 07:18:10
48893421,2009321156,神ゲーと噂のバトロワモードやるぞDark and Darker,3050,2026-05-26 07:18:10
78874179,21779,"nachtwache, schmerz und leid in der kloft | !Fortnite !bitpanda !prep !novaelite !knabekola ᵂᴱᴿᴮᵁᴺᴳ #EpicPartner",3005,2026-05-26 07:18:10
172376071,1756782008,"Wochenende war hart, jetzt chillen | !razer !snocks !koro !holzkern #Werbung",2987,2026-05-26 07:18:10
93305727,21779,LTK振り返り→Masters大応援会場,2978,2026-05-26 07:18:10
27101452,32399,WINLINE CIS LAN #5 | 33 (0:0) Aurora YB | Bo3 | by @xryst_t & @malik_cs,2879,2026-05-26 07:18:10
113028874,509658,雑談,2859,2026-05-26 07:18:10
48962167,1158884259,やる理由ができた男のスプラ3→ガチで怖いらしいホラゲの2本立てでイク,2724,2026-05-26 07:18:10
834113869,509658,ЮТУБ. РОЗЫГРЫШ 100 АРКАН В ТГ | !TG !WINLINE !EASYDOTA,2655,2026-05-26 07:18:10
703613222,1292388149,Late Night With The Devil! Part 2! End of Angel Engine & Psalm 2 welcome to literal biblical hell,2647,2026-05-26 07:18:10
622498423,21779,ROAD TO EWC - DK vs HLE - QUALIFICATION MATCH - BO5,2567,2026-05-26 07:18:10
100369229,491931,Icebreaker NOW - Prestige 6 Level 73 - | !settings !playlist !sens,2513,2026-05-26 07:18:10
43223443,498566,"$20,000 RAW START🔥$5000 IN GIVEAWAYS🔥$120,000 !LEADERBOARD🔥HUNTEROWNER.GG🔥AD",2357,2026-05-26 07:18:10
555397037,26936,🎹 CLICK ME for FREE Song !Requests with Musical !Guests 🎸🧡 !welcome !sl !socials !subscribe !pp !discord !rockitman !tips,2323,2026-05-26 07:18:10
501133928,518203,"🚨🚨 ¡¡ LÁTIGO SERRANO, RAMON DE MON, RODRA, IRENE JUNQUERA, DAVID SANCHEZ, MARCHANTE Y POLI RINCON !!",2318,2026-05-26 07:18:10
106013742,491931,ICEBREAKER! PATCH OUT NOW! HOME FROM !HOSPITAL,2285,2026-05-26 07:18:10
1312862940,18122,24/7 @zackrawrr / @asmongold | VOTING LIVE | WOD/CLASSIC WOW | ELDEN RING/ SOULS | FF14  | GOOD VIBES | !voting !playlist !streamtime !new,2262,2026-05-26 07:18:10
262832931,29595,Как выиграть мид ✅ AURA ✅ я не гуль ✅  !конкурс !tg !румтур,2225,2026-05-26 07:18:10
15027034,209738946,今天一定救,2178,2026-05-26 07:18:10
806179236,515025,今日は少しガチる実は俺強い,2152,2026-05-26 07:18:10
77415295,21779,すこしやる,2125,2026-05-26 07:18:10
865320951,509658,NEWS: HASAN SUBPOENA WATCH | EPSTEIN NEWS | ICE UPDATES | FLOTILLA UPDATES | DOCUMENTARY + more,2096,2026-05-26 07:18:10
29528480,513143,【綠茶】5.26  戰棋怪獸  靠賽走不遠  戰棋音樂台,2078,2026-05-26 07:18:10
446246227,509672,🇧🇷 DAY 2 BRAZIL 🇧🇷 EXPLORING BRAZIL,2070,2026-05-26 07:18:10
1171769612,499973,🚨 24/7 JYNXZI STREAMS! GET IN HERE!! !charm 🚨,2060,2026-05-26 07:18:10
636587384,509658,Alveus Subathon (Day 2 / 21+) | !alveus !institute !pixel !schedule !video !subathon,2047,2026-05-26 07:18:10
24124090,1702520304,Path of Exile 2 Preparations Begin! Martial Artist Mains Assemble - Build Making + Practice Runs,1997,2026-05-26 07:18:10
45839490,21779,マスターズ 本番,1992,2026-05-26 07:18:10
20795350,513143,1232 start | prep for big !bash day tomorrow 1.5x points 🫣 xayah king !factor,1981,2026-05-26 07:18:10
531019578,509672,777KM TRIDEM TOUR - Road To TwitchCon !emp !grover | Merch: !shop,1939,2026-05-26 07:18:10
135056709,723826053,late night doki hours | !song !merch !concert !newvid,1908,2026-05-26 07:18:10
725072884,509672,🇧🇷 DAY 2 IN BRAZIL🇧🇷 STREAMING EVERYDAY🔵 347/365 🔵ROAD TO 11K🔵 JOIN UP,1905,2026-05-26 07:18:10
438944099,509658,[ENG/KR/JP] ❤️Succubus Steals Your Soul❤️feeding off chat tonight❤️ !Saily !pc !socials !merch [TTS $1 / 100bits],1894,2026-05-26 07:18:10
169491306,66082,120 star speedrun -> horror game,1837,2026-05-26 07:18:10
189850266,1818,БОДРЫЙ ВТОРНИК С BRM | GOTHIC 1 И ВЫБОР ИГРЫ ОТ ЧАТА,1793,2026-05-26 07:18:10
125709967,509658,"ten thousand premier points. wrapped in brown paper. midnight, behind xbox.",1790,2026-05-26 07:18:10
204659019,2112738408,🪖LATE NITE STWEAM 🪖BCK TO BASICS 🪖 🎡OLD TOWN🎡⚡️#1 GUARD IN THE WORLD ON 2K26 25/31🚨2K-ATHON🚨🧌NSG NATION🧌 👾REACTIONS👾🚀!Sub !Prime,1777,2026-05-26 07:18:10
52891155,509658,EARLY - NO FIGHTERS DAY1 - PRELUDES - REACTS LATER,1679,2026-05-26 07:18:10
65737149,21779,LTK Masters試合デー,1679,2026-05-26 07:18:10
38770961,509658,Kinderlosen drohen höhere Pflege-Beiträge + Streit über geplante Kürzung bei Hausdachanlagen + USA greift Iran an während Verhandlungen,1663,2026-05-26 07:18:10
805456112,55453844,スト6 ねずみに踊らされる日々,1658,2026-05-26 07:18:10
119497908,509658,今日當紅話題 霧峰幫 🔥大談🔥 5/24【KYO】 @kyo1984123 Surfshark    ! VPN !水餃 !延長線,1654,2026-05-26 07:18:10
48245475,373384440,✅Drops[on]✅🎁!GIVEAWAY🎁|⚔️ROMESTEAD Release & Variety Content⚔️|🗾Forza Horizon 6 Sucht🗾|💲!nitrado !emma !more !snocks💲#werbung,1639,2026-05-26 07:18:10
1054551170,460630,🔴 LATE NIGHT RANKED 🔴 GETTING BETTER EVERY DAY 🔴 !DISCORD,1628,2026-05-26 07:18:10
1017225456,21779,⧉˖· 05/26 -  來練習一下競技場 (  ˃ ᵕ ˂  ) | !通販 !now !DC !嚴厲斥責 @samoago,1617,2026-05-26 07:18:10
184634287,509658,маг битва 3 сезон !funpay !расписание🎄 !wow🚀Наконец-то любимая игра💗,1594,2026-05-26 07:18:10
104435562,32399,3500 ELO | КАПИТАНИМ ПРЕМИАЛЬНЫЙ FACEIT !PREM !TG,1571,2026-05-26 07:18:10
2982838,498417,Erm what the ligma,1558,2026-05-26 07:18:10
205218019,509658,El sumario de ZP. ¿La UCO salva a Begoña? LDLV 10:30 ¿Lío con Naughty Dog? Rocket League en UE6 - !prozis !proton,1554,2026-05-26 07:18:10
128222917,21779,【K7 世誠】5/26 韓服 !YT,1542,2026-05-26 07:18:10
43539324,21779,"🟢 A-Z CHALLENGE: 172 CHAMPIONS, ONE RUN - DAY 17 | HOW MANY VICTORIES BEFORE DEFEAT? 🟢 !a-z",1529,2026-05-26 07:18:10
655333260,509672,Unterwegs nur mit Solar? Auf den Weg in die türkische Hochebene! Ohne Stromaggregat und Ladesäulen? Challenge! Franky unterwegs! Tag 9 🇬🇷,1515,2026-05-26 07:18:10
7154733,33214,MY ICON SKIN IS HERE! WINNING EVERYTHING!!,1496,2026-05-26 07:18:10
107536229,511399,Super Mario Maker 2 -> Mars or Die! (Random Steam Game),1487,2026-05-26 07:18:10
40760591,21779,NOUVELLE SEMAINE ON MONTE A 1000 LP !aroma !corsair !youtube,1480,2026-05-26 07:18:10
31478096,1991115310,Carritos MMalones,1469,2026-05-26 07:18:10
582765062,509658,🍃Walk n' Talk ep. 35 w/ @TheSpritersResource 🍃Akihabara Nerd Journey 🍃!vods,1464,2026-05-26 07:18:10
40017619,32399,✅ATT TOURNEY CS2 PRAC WITH TEAM PEANUT @ 530PM PST✅,1445,2026-05-26 07:18:10
624501601,512710,$10K SWITCHES W WHOEVER|!GAS !DOC !TZ |,1441,2026-05-26 07:18:10
504843877,1234011532,"🟨 MAZEBOUND FT @heyyvance, @xkarutaclanx, @poiised",1435,2026-05-26 07:18:10
23852822,509658,【懶貓】5/26 好久不見 訂閱者回饋到月底 !訂閱者回饋,1421,2026-05-26 07:18:10
25202416,509658,🔴007新3A大作 今晚10點｜恐怖之夜D39⏰每晚7點🎁Sw2 每月一台 !抽獎🔴看台免費拿MyCard/Steam點數!MY🔴 【🍊蝦愛橘子】 🎁Sw2 每月一台 !抽獎🔴看台免費拿MyCard/Steam點數!MY🔴 【🍊蝦愛橘子】,1409,2026-05-26 07:18:10
119611214,21779,LOLZINHO ATE PERDER UMA AI VAMOS DE DORMES,1403,2026-05-26 07:18:10
718820856,21779,【Ev】5/26 要做些甚麼呢,1393,2026-05-26 07:18:10
31645736,29595,💪Подготовка к старсерии💪Первый матч в 17МСК💪 !fonbet !playerok !tg,1389,2026-05-26 07:18:10
1347579851,509658,ПРИЕХАЛ НА ПОСЛЕДНИЙ ЗВОНОК К ПОДПИСЧИЦЕ!!!!,1387,2026-05-26 07:18:10
25743612,18122,THE BIGGEST WOW CONTENT -- SSC/TK BEFORE RESET?? -- !gamersupps,1376,2026-05-26 07:18:10
24538518,1780647523,hit man,1364,2026-05-26 07:18:10
41314239,515025,[DROPS] quitting coffee no emotion,1353,2026-05-26 07:18:10
116673961,516575,Testing to see if my pc blows up.,1352,2026-05-26 07:18:10
24411833,512953,This Stream Ends When I Beat Promised Consort Radahn (Short Stream),1350,2026-05-26 07:18:10
7010591,1016595934,Another Monday,1349,2026-05-26 07:18:10
42304622,114524791,今日から本番 最後の整理,1338,2026-05-26 07:18:10
89041633,1455299120,NEW INDIE HORROR GAMES (speedruns after) || !fire !sgdq !vods,1323,2026-05-26 07:18:10
24198048,1991115310,No Brakes - Forza Horizon 6 - !Charm,1307,2026-05-26 07:18:10
970936597,21779,ADHD💜つるちゃんカスタム参加自由💜,1278,2026-05-26 07:18:10
200080536,21779,KOREA RANK 1 CLIMB | CHALL 2122 LP RANK 75 START | DAY 38 | RANK 1 EUW & EUNE S16 | RANK 2 KOREA 2K LP S15 |!opgg !darius !playlist| 768,1249,2026-05-26 07:18:10
69012069,1264310518,[NEW DROPS] 🟥 LATE NIGHT MULTI EX-RANK 1 DOMINATES THE RANKED LADDER 🟥 [NOT SCUFFED] !yt !yt2,1235,2026-05-26 07:18:10
26640321,509658,NEWS/REACTS STELLAR HUMANIST IDOL!  Clown World Research Club !ttrpg !novel !video,1230,2026-05-26 07:18:10
29156271,1702520304,MARTIAL ART BUILD IDEAS + REACTS + INGAME TESTING !builds !maxroll,1229,2026-05-26 07:18:10
102192603,512864,"123 訂閱7折,訂閱贈訂有頭",1224,2026-05-26 07:18:10
592934481,509658,marimorial day weekend! (!merch),1200,2026-05-26 07:18:10
919352997,509658,ВЫЖИВАНИЕ В ЗЕМЛЯНКЕ!День 6 W/ @MaksFakov @Saturated_Soul | !тг !донат,1198,2026-05-26 07:18:10
76020989,490655,"🔴TOKYO, !GOFEST, SHUNDO = 100 GIFTED🔥 @yrchang_ 🔴 !subgoal !discord / !BACKFLIP🔴",1198,2026-05-26 07:18:10
59829074,509658,"ШОУ ""Угадай бутылки"" !донат",1162,2026-05-26 07:18:10
184578486,21779,𝐄𝐖𝐂 𝟐𝟎𝟐𝟔 - Hanwha Life vs. Dplus KIA - FINAL LOSERS,1154,2026-05-26 07:18:10
117348035,509658,豬豬幫世界之旅🇰🇷Day1 ( ⸝•ᴗ•⸝)♡ 5/26,1152,2026-05-26 07:18:10
56399221,21779,solo q rank 1 in 1 week (day 4) !ProDiff,1145,2026-05-26 07:18:10
125142625,1264310518,[EXCLUSIVE !DROPS] TOP 2 GLOBAL SPIDEY ONLY (#1 NA SPIDEY) / !discord,1135,2026-05-26 07:18:10
131439149,498566,💗 GAMBA TIME 💗 $100 GIVEAWAY 💗 #ad,1132,2026-05-26 07:18:10
442709328,509658,LIVE 🎈Saving up to buy a house by selling secondhand items [ kor/eng/中文 ],1131,2026-05-26 07:18:10
31819679,509659,【Live ASMR】Restful Rainy Room and 3Dio ASMR | !candles !uwu !gg,1129,2026-05-26 07:18:10
42297683,515025,!DROPS HERE | HEY YOU...REMEMBER TO SMILE :) \o/ TOP TIER GAMING ENTERTAINMENT HAPPENING HERE,1129,2026-05-26 07:18:10
272168411,509658,YA EN CASA ♡ !wsp,1126,2026-05-26 07:18:10
1349515600,464339927,😈#1 PvP POV😈EMERGING VICTORIOUS🤑,1121,2026-05-26 07:18:10
25236843,509658,【小建】5/26 怎麼每天都有活動，連勝天數3。日本十天一百萬小馬幣 小鋼珠/SLOT教學直播 目前Day8 -14張,1118,2026-05-26 07:18:10
921167449,743,Playing Viewers + Pushing 2200 ELO Blitz Day 81 | Live Stream on chess.com,1114,2026-05-26 07:18:10
625931244,30921,[✅NEW DROPS ACTIFS✅] REDIFF : POUR LES DROPS : !drops <3 ( CUT A 13H ),1106,2026-05-26 07:18:10
54989347,21779,Aiming for the world's highest MPG,1105,2026-05-26 07:18:10
133118594,460630,🔴RANKED WITH THE BOYS 🔴 GOING PRO S00N 🔴 !socials !settings,1102,2026-05-26 07:18:10
493844061,509658,🔴 БАРИСТА НА ТАЙМЕРЕ. ДЕНЬ 7 !донат !бусти,1101,2026-05-26 07:18:10
63054799,1597660489,"🔆VIBING AND GAMING WITH SUSSY BIRD DRAGON (Memes, Tomodachi and Modded Resident Evil 9) | 🌴 | !discord | !twitter | !gg",1095,2026-05-26 07:18:10
58352686,138585,Everytime I boomer I do 5 Push-Ups,1074,2026-05-26 07:18:10
401670504,33214,🏆 TYPICAL GAMER CUP SOON 🏆 !map,1067,2026-05-26 07:18:10
508990092,498417,💜 BINTAG STORGIE | VINTAGE HELL 💜 | !preorder !cheeky !gs #VCHIBAN,1064,2026-05-26 07:18:10
519084584,509658,ZION DAY TWO LIVE ALLLLL DAY !comm !socials !discord !oscs,1061,2026-05-26 07:18:10
45184940,32399,CS with team peanut!,1046,2026-05-26 07:18:10
813676925,509658,🌸 Серая мышь 🐭 !boosty,1037,2026-05-26 07:18:10
975207893,509672,Speedrun Arrosage !rs !70/30 !dons,1029,2026-05-26 07:18:10
9679595,32399,CS Premier incoming & NEW 007 GAME AT 4PM pst!  | !youtube |🌞Afternoon Gaming🌞|,1022,2026-05-26 07:18:10
18731326,6221455,Try-it Tuesday: Enter the Chronosphere! | Weeb games later? |  WotD: Gordian knot,1019,2026-05-26 07:18:10
106159308,512923,[GTV24/7] ✶ 009 - Die verlorenen Kinder vom Smaragdhain ✶ #DOSENWURST - Die 24/7 Dauerbeschallung,1011,2026-05-26 07:18:10
25458544,1702520304,🌾Chronomancer🪻Start⌛Doinks⚰️!newrip,1008,2026-05-26 07:18:10
59685493,499973,[!24 Modded Community][Block:1/2] Cohh 24/7!,1004,2026-05-26 07:18:10
107514872,21779,Lee Sin only to challenger (Unless full AD or taken),989,2026-05-26 07:18:10
555601967,515537,REGRESE !!!!!!!!,981,2026-05-26 07:18:10
36829241,1832641890,!SUBATHON Day 39 !YOUTUBE !focusfuel !UNDERDOG !UNDERDOGHOF,970,2026-05-26 07:18:10
203300412,30921,[DROPS 24/7✅] NUEVOS DROPS Y RANKEDS / !redes #EpicPartner,959,2026-05-26 07:18:10
38466285,490292,Découverte TOTALE de Dark Souls III (et des Dark Souls tout court d'ailleurs) - !lycans !kow,953,2026-05-26 07:18:10
11897156,253234167,SUPER FUN NIGHT DONT MISS IT ITS TIME TO PARTY,952,2026-05-26 07:18:10
121079066,21779,LTK DD Masters本番,943,2026-05-26 07:18:10
524953193,509658,Я снова один в этом Ламбо,943,2026-05-26 07:18:10
478357617,509659,ACTUALLY LIVE ASMR,941,2026-05-26 07:18:10
157313528,509658,"GYMING DONE 🏋️‍♀️ 💪 BACK TO BULKING | MAKAN OR MEH, EPISODE 2 🤔🍽️",939,2026-05-26 07:18:10
41908566,509672,🔴 Taipei Taiwan 🔴Taiwan Tour Guide with @gracehan_ 🔴 WE WILL GO FISHING?!?! 🔴!shoey,939,2026-05-26 07:18:10
170424398,32399,💀KUERTOV AURA💀 WW !!! ))) PROMO: MUXA🍄 !famq,936,2026-05-26 07:18:10
1076022569,33214,THE MOST ICONIC BIRTHDAY GIRL EVER,927,2026-05-26 07:18:10
29151663,509658,Wtorek | jutro Pierwsze Światło !xtb !ntfy,914,2026-05-26 07:18:10
453880006,516575,YORU Goat,911,2026-05-26 07:18:10
702432427,66082,SUPER SECRET STREAM SHHHHHHHHH,908,2026-05-26 07:18:10
40733337,29595,Вертикальная трансляция? /Обучаю/объясняю//показываю 💀 Оповещения на донаты 💀15.000 ммр 💀 !конкурс !розыгрыш💀 Гайды в !tg !расписание,908,2026-05-26 07:18:10
193032346,33214,DÍA de la COMUNIDAD *30 de Mayo* y TORNEO de TYPICAL GAMER,904,2026-05-26 07:18:10
29826549,21779,【BeBe】526,904,2026-05-26 07:18:10
57962435,511224,DAY6 プレマス混じってきました、ここからが地獄,898,2026-05-26 07:18:10
197406569,509659,RERUN ASMR DRAINS AND TINGLES !s for my links,896,2026-05-26 07:18:10
105458682,509660,A Happy Little Memorial Day Weekend Marathon!,890,2026-05-26 07:18:10
413752272,32959,mommy wants to yodel @ecto too,885,2026-05-26 07:18:10
32497633,1702520304,NEW TREE OUT NOW!!! The Last Warrior On Earth -> Same But Worse Shield Walling,880,2026-05-26 07:18:10
59016177,509658,IRL ITALY 🇮🇹 SRS Skywalk | @cooksux @studytme @paraglidinglive | $2 TTS/Tangia | Bessano del Grappa,880,2026-05-26 07:18:10
21418793,138585,Battlegrounds !Tracker #AD,879,2026-05-26 07:18:10
852883323,509672,⭐ ZION TRIP WITH OSCS DAY 2 ⭐ VOLLEYBALL TOURNAMENT,874,2026-05-26 07:18:10
175637409,490377,[12HR] *DROPS* 💀 SOT Night Shift 💀,856,2026-05-26 07:18:10
41952329,509658,現行機で1番荒い台をムラゲで1番荒い漢と打つ配信#PR,854,2026-05-26 07:18:10
441850396,518184,🔴HOLO DROPS🔴BINGO & GHOST GAMBA! LAST STREAM BEFORE TWITCHCON | BEGINNER FRIENDLY | !giveaway !coin !merch,852,2026-05-26 07:18:10
1291086815,511224,5/26 生日已過 繼續努力 打晚訓練賽上分活動,846,2026-05-26 07:18:10
491802186,491931,Очень интересно играю !w !tg,846,2026-05-26 07:18:10
412979136,2112738408,👀 I'M BOUT TO CRASHOUT 👀 I'M ON BS TONIGHT 👀 #1 ENTERTAINING STREAMER 👀 DRAMA 👀 REACTIONS 👀 !sub !prime !socials,844,2026-05-26 07:18:10
25766032,13389,🔴!AOE2 - goal 500 ELO - practice for Hera tourney - casting or possibly playing (backup list),844,2026-05-26 07:18:10
196162637,65876,NOT ENDING STREAM UNTIL WE FINISH PHANTOM LIBERTY 💛 260/300 !pp !youtube,816,2026-05-26 07:18:10
231079149,509658,"+18 GTARP [CAPITAL] Mano a Mano  pra mim é esporte""",810,2026-05-26 07:18:10
591385433,509672,РЫБАЛКА 🐟 ЗНАЧОК ЗА ПРОСМОТР ИЛИ САБКУ  !youtube !tg,804,2026-05-26 07:18:10
115467657,1264310518,[DROPS☑️] late night ranked slop LETS INDULGE!!!!,801,2026-05-26 07:18:10
115659124,21779,Beaast mode activated,801,2026-05-26 07:18:10
36998510,515024,!INFINITE DMG WW BARB / RERUN /!META GET !SOULS EZ !WILD NEW !WEAPON !8GA !DEV UPDATE !Displate !Secretlab !Holy !XP #ad,798,2026-05-26 07:18:10
45912780,528672376,Стримляк !Spartans !Nassal https://t.me/fakerstream,798,2026-05-26 07:18:10
83435622,13332,Roguemon A2 Split - Not Ironmon,796,2026-05-26 07:18:10
127691856,21779,LTK DD Masters 本番の日,786,2026-05-26 07:18:10
39643904,29595,добраяДота #1000ммр #37лет #безмата #поз4 | !WOW,785,2026-05-26 07:18:10
23480748,1264310518,100% DROPRATE NEW !DROPS 🔴 DINO 1 TRICK 🔴 YO🔴 TSM GURU 🔴,781,2026-05-26 07:18:10
563445803,491487,260+ blight streak! #DBDCreator,779,2026-05-26 07:18:10
442652832,32399,4000 elo top 20 eu | НОВЫЙ !PC | СНЯЛИ !vaс !tg !секретка !настройка,778,2026-05-26 07:18:10
264909001,114524791,イクゼ！！！！と特訓,777,2026-05-26 07:18:10
44741426,504463,[24/7 Live] !Drops Enabled ~ Local Floridagurl singing the hits (Badly) - Follow @StreamerHouse,773,2026-05-26 07:18:10
89311693,687129551,TOWER MAP UNBEATEN AT (DEEP TRIP),767,2026-05-26 07:18:10
61438909,515024,Making the Illegal SB Build !12GA (VOD until morning!) - !Tierlist !PatchNotes !Warplans !Bossloot !Starforge !WinAPC !Discord !YT,757,2026-05-26 07:18:10
157825412,138585,test,751,2026-05-26 07:18:10
40673154,2132205352,"Yoshi is always listening, urn location change has come  | !yt !discord !coaching !builds !wallhack",747,2026-05-26 07:18:10
52968416,138585,TESTING NEW MOUSE AND CONNECTION,746,2026-05-26 07:18:10
577392142,27471,初心者のマイクカハードコア！！！,745,2026-05-26 07:18:10
1492361713,21779,EWC中文解说 Dplus KIA Match DK vs HLE on EWC 2026 Esports World Cup 2026 LCK,743,2026-05-26 07:18:10
90229091,511224,pretend this title is the most motivational & inspiring statement you've read in the past 6 months of your chud life,735,2026-05-26 07:18:10
529112648,509672,TRIDEM TOUR ROAD TO TWITCHCON | !knabekola !burnhard !grover !merch #werbung,732,2026-05-26 07:18:10
654791928,498417,EARLY EGG -  VINTAGE HELL DAY 4 THE CART'S MAIDEN VOYAGE    [!SOUP !PP !MILKIES !WOOD !MERCH !COVERS],730,2026-05-26 07:18:10
822807591,509658,🗯️ [ANNI SUBA DAY 2] SAY YOUR PRAYERS (TO THE THIGHBLE) | !merch !wallpaper !youtube,728,2026-05-26 07:18:10
47250099,493057,5/26 PUBG啟動  !ExitLag,727,2026-05-26 07:18:10
451955490,2009321156,Arielq | 日本語 OK !x,726,2026-05-26 07:18:10
147299717,1630982727,🔥Kings of Balenos🔥Gaming News+VoD Reviews | Shot calling some war later,725,2026-05-26 07:18:10
74505272,513143,new patch tomorrow | !surfshark,724,2026-05-26 07:18:10
10217631,138583,MINA THE HOLLOWER THIS FRIDAY,722,2026-05-26 07:18:10
38009333,21779,🥇 515 LP TO CHALLENGER • ON FARM LES VIDÉOS !HOLY !MAILLOT,711,2026-05-26 07:18:10
68465758,29595,!зеленый !кешбек АБУЗИМ ИМБУ ПАТЧА 7.41C УЛЬТРАПОТ В КАЖДОЙ КАТКЕ!!!,710,2026-05-26 07:18:10
167124768,1813168901,[DROPS] FIRST LEGO GAME EVER!! I STOLE FROM THE DISABLED 😭 (In game),709,2026-05-26 07:18:10
30080751,21779,top lane terror,704,2026-05-26 07:18:10
414111810,509658,"!фильм ⁺✩₊˚♡ УВОЛИЛИ, СТРИМЛЮ ЗА ЕДУ ❀· ₊·✩₊˚ ПСИХ ОДИНОЧКА˳❀·✩₊˚♡ !boosty",704,2026-05-26 07:18:10
44536868,767133634,🔥DROPS ON🔥Derp Tuesday - !Surfshark - !Arozzi - !Partner+ - !Social - !Prime - !Gf,702,2026-05-26 07:18:10
41931263,512953,ELDEN RING BINGO! COACHING PARKY'S MATCHES!!! | !newvid !bingo,700,2026-05-26 07:18:10
186783860,2012789438,quickie :p #1 ranked female ★ !wishlist !throne !sub,698,2026-05-26 07:18:10
132214615,417528,✅DROPS✨PVE AL FALLO Y ZVZ✨,694,2026-05-26 07:18:10
30258310,512953,Bingo Brawlers Coaching @Raydans against @itzCBD,693,2026-05-26 07:18:10
154242990,491931,КВЕСТЫ БТРЩИКА ДЛЯ ДОСТУПА НА ЛЕДОКОЛ ЧЕРЕЗ ГЛАВНОЕ МЕНЮ,692,2026-05-26 07:18:10
81672274,498417,【VINTAGE HELL】lil chef returns✨ ♡ !cheeky !GG !Rift !nexus,684,2026-05-26 07:18:10
50815257,491931,love you // @Endra !Tangia !Merch !Socials,682,2026-05-26 07:18:10
36858184,32399,NEW SPONSOR !cs2skin for info!,681,2026-05-26 07:18:10
90286722,512710,🟢 Challs into Customs  | @GoatedDave !socials !sens,674,2026-05-26 07:18:10
1209433248,509658,💰1 000 000 С НУЛЯ НА ТАЧКУ 🚗 ДЕНЬ 38💰!банк !тт !напрячь !ggsel !w,669,2026-05-26 07:18:10
1301355746,1702520304,Я НЕ УМЕЮ ИГРАТЬ В ИГРЫ !BUILD,669,2026-05-26 07:18:10
174984146,1991115310,🌸 BRAND NEW PLAYER! Full sim manual with a steering wheel 🫨 Baby's first racing game weeee! 🚘 !Fractal,667,2026-05-26 07:18:10
43564820,498592,!АУКОФОН СОН ДО УТРА || 7 ДНЕЙ БЕЗ ОСТАНОВКИ || t.me/krabick,662,2026-05-26 07:18:10
579023039,1158884259,なんかイカやりすぎて右手ずっと痛い,659,2026-05-26 07:18:10
745703774,509672,Wendy Ortiz DAY 2 IN BRAZIL 🇧🇷 watch party,648,2026-05-26 07:18:10
112614670,26936,sillymaxxxing,638,2026-05-26 07:18:10
976310259,461221,(CCP DROPS ENABLED) Areners Til My Thumbs Bleed!,631,2026-05-26 07:18:10
78115558,509672,🇿🇦 AFRIKA Südafrika | Weiter gehts| Day 165 | !pme !holy ᵂᴱᴿᴮᵁᴺᴳ,631,2026-05-26 07:18:10
77669901,848400095,!wsp !vod 💖Stream temprano💖,630,2026-05-26 07:18:10
712125671,29595,в полнапряга   !playlist,629,2026-05-26 07:18:10
21681549,32399,HIGHLIGHTS RERUN: CS Asia Championships 2026,628,2026-05-26 07:18:10
409319563,1099705332,VTUBER HAREM ISLAND | !discord,623,2026-05-26 07:18:10
416031592,138585,Tars : remontada du ladder !,623,2026-05-26 07:18:10
807325521,1264310518,[DROPS] 💫 IGNITE + ROGUE DROPS 💫 cheaters have been banned? time for ranked on MAIN 🚨 ♡ !discord !socials ♡ @peach,621,2026-05-26 07:18:10
17367235,518184,Kinetic Partners --> Animated Drops end @ 7am EDT || Streamerbot 2.0 Online || 1440P 60fps,620,2026-05-26 07:18:10
1500980725,21779,🔴DK VS HLE BO5 EWC 2026 Korea Qualifier🔴,619,2026-05-26 07:18:10
591133033,498566,🔴  16.000€ Bonusopening! + 3 Turniere/Highrolls & Buys | Daily 200$ Raffles 🔴🎖️18+,618,2026-05-26 07:18:10
107551531,21779,Subathon 2026 Tag 13 | WIN CHALLENGE,613,2026-05-26 07:18:10
111589942,138585,🍑 💨 ARENA GUY,611,2026-05-26 07:18:10
165165027,1901865180,i am so stupidly ill help | germany arc for 3 months,608,2026-05-26 07:18:10
992507352,386821,【drops】JP/ENsub🌟500G分メイン武器X challenge🌸,605,2026-05-26 07:18:10
208808396,515025,[DROPS] only streaming for 24 hours !koreatrip,602,2026-05-26 07:18:10
1326384213,509658,【♠️05.26】退一萬步來說 說什麼我忘記了 ｜1點欸配 feat.U昵 珮蕾 ⎝( OᴗO)⎠｜ !隊友,600,2026-05-26 07:18:10
20567961,18122,TBC SEASON 2 THINGS (part 2),591,2026-05-26 07:18:10
1110808352,499973,CINEILLOJUAN 🎬 24 HORAS DE CONTENIDO A LA CARTA ⌛ SINVERGONCERÍO EXTREMO 🔥,586,2026-05-26 07:18:10
644963197,516575,数戦ヴぁロるわ,586,2026-05-26 07:18:10
64577558,509658,🧀HEHEHEH Rat Noises !!🧀,585,2026-05-26 07:18:10
475043525,491487,DEMON TIME BUBBA #apronmybubba #shirtmysurvivor,583,2026-05-26 07:18:10
24534372,490422,META: 500 SUBS HOY Y EL JUEVES FULL STARCRAFT 2 | PAGANDO EL 12 HORAS DE STARCRAFT 2 🟧⬛ Estral JimRising 🟧⬛,580,2026-05-26 07:18:10
1470000683,21779,Cá Mập xem Esports World Cup 2026 Online Qualifier Korea: DK vs HLE,577,2026-05-26 07:18:10
29249710,528672376,🚨 TREMENDO🚨 OFERTÓN🚨 HOY🚨 LUNES🚨 DE🚨 2X1🚨 EN🚨 FRUTAS🚨 Y🚨 VERDURAS🚨 VENGA🚨 QUE🚨 SE🚨 ACABA,572,2026-05-26 07:18:10
72414688,0,jojo part 6,569,2026-05-26 07:18:10
45188531,1654,Допроходим Готику 2 Новый Баланс перед ремейком,567,2026-05-26 07:18:10
21838653,493057,【綠寶】5/26 午安,565,2026-05-26 07:18:10
262236323,518762,"🎁Giveaway!🎁DRAMA🎭Romance❤️Laughter😂Intrigue🧐ACTION?💥Paralives, 007 later",565,2026-05-26 07:18:10
245910945,562426203,LETS PLAY SOME BACKROOMS AND YAPROOMS GAMES 💚,559,2026-05-26 07:18:10
12902657,509658,"Repasamos actualidad: los juegos dopados, SpaceX, lo de EUA...",558,2026-05-26 07:18:10
170760368,515025,[DROPS] buhhhhhhhhhhhhhhh,557,2026-05-26 07:18:10
